0,B001,Beam Width Calibration 1,Garrett,2020-11-18,GaTech,Full,1,,EOS Default,True,,,,,,,,,,,,,,,,,,,,,,1
1,B002,Rook,Elliott,2020-02-07,Max,Full,1,C:\Users\sa-saldana\Documents\Training\Customer Docs From Training\Build plate,Example Link,False,,,,,,,,,,,,,,,,,,,,,,1
2,B003,ISO Artifact Build,Elliott,2020-02-07,Max,Full,1,C:\Users\sa-saldana\Documents\Training\Customer Docs From Training\Build plate,Example Link,,,,,,,,,,,,,,,,,,,,,,,1
3,B004,Jaime Hexagons,Elliott,2020-02-07,Max,RBV,1,C:\Users\sa-saldana\Documents\Training\Customer Docs From Training\Build plate,Example Link,,,,,,,,,,,,,,,,,,,,,,,1
4,B005,Beam Width Calibration 2,Elliott,2020-02-07,PMRC,Full,2,C:\Users\sa-saldana\Documents\Builds\B005,B005_01-B005_05,,21174.5,13.75,-17.5,-40.91,120.0,180.0,10,23.409999999999997,2.3409999999999997,"This build was designed to re-calibrate beam width, test the initial rapid-characterization CT artifact design at different settings, familiarize ourselves with the parameter editor, and print bottle openers.",Post Build: Seems to have used too much powder. Lots of powder in collector.,,,,,,,,,,,1
5,B006,"CT Artifact01, Test supports, GT Logo","Elliott,Max",2020-03-13,,Full,3?,C:\Users\sa-saldana\Documents\Builds\B006,EOS_DirectPart,,134006.0,34.0,17.94,,120.0,160.0,19.8,17.94,0.9060606060606061,"Test Supports, print GT logo demo lattice parts, build tensile samples for Amber to be trained with","2/28: Did not start. PSW did not repspond. 3/13: Make sure everything is set before you run it. For example, issues were had when build plate was not preheated and we tried to start the build.",,,,,,,,,,,1
6,B007,PM Test Build,"Elliott,Max,Tech (Jeremy)",2020-06-30,,Full,,,EOS_DirectPart,,,,17.94,,120.0,160.0,--,17.94,,Calibration artifact.,Difficulty starting. Flow rates were wrong.,,,,,,,,,,,1
7,B008,"Cubes, Tensile, CT Artifact","Elliott,Jaime",2020-07-07,,Full,,C:\Users\sa-saldana\Documents\Builds\B008,Example Link,True,17403.0,6.3,45.0,15.0,,,13.75,30.0,2.1818181818181817,"Surface roughness cubes, support testing, tensile samples, CT artifact v2","CT Artifact 04: Merged Default Parameters. CT03: Default, CT02: 220W, CT01: 170W",1581.36,,,,,,,,,,1
8,B009,Lattices Test Build,"Elliott,Jaime",2020-07-09,,Full,1,C:\Users\sa-saldana\Documents\Builds\B009,Default,True,45390.5,19.5,50.01,-1.04,115.0,140.0,23.32,51.05,2.189108061749571,"Lattices of 2x2x2-5x5x5, 3mm tensile samples (5), surface roughness cubes",Did not have enough powder. Built to 23.32mm instead of full 28.75mm,1585.5,,,,,,,,,,1
9,B010,"20um Param Dev, Max Part, Single Strut  Testing","Elliott,Jaime",2020-07-20,,Full,,C:\Users\sa-saldana\Documents\Builds\B010,Default,True,45979.03,13.5,-124.01,,110.0,150.0,18.75,124.01,6.613866666666667,"Lattice build testing, Max's PhD artifact, single strut size test, CT artifacts for 20 um parameter exploration","Pre-Build: 0.11 HS is left grouping of CT articles, 0.09 HS is middle, 0.07 is right. Parameters in picture below. CT1 is bottom row of 0.11, CT2 is next row up, CT1.5 is bottom left, CT1.1 is right. Table should match physically to part layout. Post Build: Print turned out well. two of the 0.5mm struts broke and the third has a kink in it. Max's artifacts were angled instead of vertical and a few were catastrophically damaged to the point they didn't finish. CT artifacts all build although the high power ones have a burnt look to them. Lattices still have some issues but appear to be better. Still difficult to disconnect from the supports.",1599.12,,,,,,,,,,1
10,B011,"50um Param Dev, Max Part","Elliott,Jaime",,,Full,,C:\Users\sa-saldana\Documents\Builds\B011,Default,,45979.03,,,,,,10,0.0,0.0,"30 of Max's artifact, 27 parameter sets to develop 50um parameters",,,23.3,"Pre-Build: 1-9, 10-18, 19-27 are 0.05, 0.08, 0.1 mm HS in order from bottom left corner to top right. Max's artifacts printed with same parameters as part 5. Postbuild: z","Pre-Build: 1-9, 10-18, 19-27 are 0.05, 0.08, 0.1 mm HS in order from bottom left corner to top right. Max's artifacts printed with same parameters as part 5. Postbuild: z",,,,,,,1
11,B012,Max's Part #2,"Elliott,Max",2020-10-01,Max,Full,,C:\Users\sa-saldana\Documents\Builds\B012,Default,,30324.0,7.0,85.87,,,,7.5,85.87,11.449333333333334,Max's parts in three different orientations. 32 parts for each orientation.,,1609.64,17.475,,,,,,,,,1
12,B013,SNL Lattice Build #1,"Elliott,Karthik",2020-10-07,Sandia,Full,,C:\Users\sa-saldana\Documents\Builds\B013,Default,,20602.0,3.78,66.0,,120.0,150.0,10,66.0,6.6,"SNL lattices in different orientations, a few of Max's CT calibration artifacts, four 2x2x2 octet lattices, a few single vertical struts of varying sizes",,1616.0,23.3,Prebuild: Building pressure was low when attempted to start on 10/6. Build started next day without opening chamber once building air pressure was back to nominal 100 psi.       ,"All parts seem to have built well except for lattice plates with block supports, which went terribly (see photos). Volume supports seemed good but didn't get to lattice part of the component. Individual octet lattices build ~1/2 layer and seem to have done well.",,,,,,,1
13,B014,SNL Lattice Build #2,Elliott,2020-10-07,Sandia,Full,,C:\Users\sa-saldana\Documents\Builds\B014,Default,True,13142.0,2.75,58.16,38.0,120.0,150.0,10,20.159999999999997,2.0159999999999996,"SNL lattices in different orientations, a few of Max's CT calibration artifacts, four 2x2x2 octet lattices, a few single vertical struts of varying sizes. SNL lattice plates are only volume supports because block supports failed on B013",,1616.5,23.3,Everything Normal,"Build was successful! Octet lattices built beautifully but were destroyed (intentionally) when removed from buildplate with bandsaw. SNL Lattice Disks were removed easily with the bandsaw and exhibited no noticeable thermal warpage (stress relief is likely not required, but further CT investigation could be used to confirm this). SNL lattices were poor quality on end of lattice that is farthest in the +X direction. Brush recoater may help with this in the future.",HSS,,,,,,1
14,B015,"Golf Club, Lattices, John's Parts",Elliott,2020-11-05,,Full,,C:\Users\sa-saldana\Documents\Builds\B015,Default,True,90747.0,31.5,70.0,-0.27,120.0,150.0,30,70.27,2.3423333333333334,"Printed with brush recoater:       4 SNL Lattice disks in different z-rotation orientations, 3 different octet truss lattices, 3 of John's tennsile bar things, 6 of Max's samples, golf club head",,,69.9,"Everything normal. Brush recoater was somewhat difficult to install, but was completed successfully.",Parts turned out well. We ran out of powder so the tabs on John's samples didn't print 100%. Quality of lattices is very good.,Brush,Virgin powder,,,,,2
15,B016,"Lattices Support Test, Max Artifact",Elliott,2020-11-11,,Full,,C:\Users\sa-saldana\Documents\Builds\B016,LANL40,True,73395.0,8.58,51.75,,120.0,150.0,24.46,51.75,2.115699100572363,"Multiple octet lattices with different supports 40 um layer thickness. SNL lattice disks, 36 of Max's parts, GT logos.   Support structures built with speed of 650 mm/s, power of 110 W. dispenser is likely not full enough to finish the tall print. Powder was only sieved to 63 um. 40 um layer height",,1644.84,56.991800000000005,Brush recoater had some deformations which caused streaking on the first layer while being setup. Flood rpessure turned up to 50 from 30-35 to flood faster.,Build still had about 1mm left. Block supports were pretty bad with significant curl. ,Brush,Recycled once. Sieved to 63 um.,,,,,2
16,B017,"Downskin study, intentional porosity",Elliott,2020-12-14,,Full,,C:\Users\sa-saldana\Documents\Builds\B017,Default,True,32133.0,9.0,,,120.0,150.0,19.45,0.0,0.0,"Downskin study on SNL lattice disk lattice design, new support structures on SNL lattice disks, intentional porosity minimum layer, different orientations of small tensile samples and sample struts",,1651.74,45.3185,Replaced brush recoater blades. No issues setting up.,,Brush,Virgin,,,,,2
17,B018,Mini Assembly #1,Elliott,2021-02-09,,Mini Assembly,,C:\Users\sa-saldana\Documents\Builds\B018,Default,False,49807.0,13.5,57.01,,120.0,150.0,18,57.01,3.167222222222222,"Q1-SNL Lattice Disks; Q2-Cylinders for indentation, CT Pyramid; Q3-Filleted lattices and missing strut lattices; Q4-Angled single strut sized tensile samples, tensile arrays",,1657.78,41.94,On EOS Machine I added four more cylinders in Q2 and made one pyramid more porous.,Failed at 3.03mm. Presumably because of default 0.12 mm gap between solid support and SNL lattice disk. Final height of 47.03 mm in dispenser.,Brush,Virgin,,,,,2
18,B019,B018 Try #2,Elliott,2021-02-10,,Mini Assembly,,C:\Users\sa-saldana\Documents\Builds\B019,Default,False,49807.0,13.0,62.97,54.3,120.0,150.0,18,8.670000000000002,0.48166666666666674,"Q1-SNL Lattice Disks; Q2-Cylinders for indentation, CT Pyramid; Q3-Filleted lattices and missing strut lattices; Q4-Angled single strut sized tensile samples, tensile arrays",,,41.94,On EOS Machine I added four more cylinders in Q2 and made one pyramid more porous.,Failed at 3.6mm. Presumably because of default 0.12 mm gap between solid support and internal void part. Final height of 47.03 mm in dispenser. New theory for failure is that parts built before with these support structures because there were so many parts on the build that the thermal conditions changed.,Brush,Virgin,,,,,2
19,B020,B018 Try #3,Elliott,2021-02-17,,Mini Assembly,,C:\Users\sa-saldana\Documents\Builds\B020,,True,51071.0,13.0,52.79,,120.0,150.0,18,,0.0,"Parts labeled with B018. Repeat of that build. Take 3. Q1-SNL Lattice Disks; Q2-Cylinders for indentation, CT Pyramid; Q3-Filleted lattices and missing strut lattices; Q4-Angled single strut sized tensile samples, tensile arrays",,1668.11,41.94,No problems during startup. Replaced brush recoater.,,Brush,Virgin,,,,,2
20,B021,Off-Nom Build,Elliott,2021-03-18,,Medium,,C:\Users\sa-saldana\Documents\Builds\B021,,False,167509.0,,,,120.0,150.0,40.25,,0.0,"Dental Parts, Machine Learning lattice parameter study parts, SNL Lattice disks with parameter modifications and missing/damaged struts, indentation samples (large and cylinders), torque witness samples, multi-strut tensile samples",,1678.56,93.7825,Nothing to mention.,"Build failed at ~4.18mm. High laser power (273W) torque specimens resulted in curling and recoater jamming. Build recovery attempt was made by lowering platform and wiping recoater over with as little scrape as possible to remove excess powder left from jam. Two single layer laser exposures were done and only resulted in curling on the parts that had excess powder on them. Suggested recovery in the future is to open build chamber, sand down edges of samples with curling, set curled/failed parts to ""NO EXPOSURE"" print settings and proceed with build. Videos and powerpoint with annotated images in folder.",Brush,Recycled 1x,,,,,2
21,B022,Off-Nom Build_Retry,Elliott,2021-04-06,,Medium,,C:\Users\sa-saldana\Documents\Builds\B022,,True,167509.0,38.0,,,120.0,150.0,40.25,,0.0,"Dental Parts, Machine Learning lattice parameter study parts, SNL Lattice disks with parameter modifications and missing/damaged struts, indentation samples (large and cylinders), torque witness samples, multi-strut tensile samples",,1688.44,93.7825,"Restarted the machine after leveling, but before loading in the new build. Nothing to mention otherwise.",,Brush,Recycled 1x,,,,,2
22,B023,Off-Nom_HardnessSamples,Elliott,2021-05-04,,Mini Assembly,,C:\Users\sa-saldana\Documents\Builds\B023,,False,70146.6,13.666666666666666,,,120.0,150.0,18,,0.0,More SNL Lattice disks for testing (nominal) and geometric assessment.,,1688.44,41.94,Compressed air had issue so start was delayed until Monday (5/10). ,"Error message at 11.84mm said ""A backup limit switch has been triggered. If it is not possible to move the axis clear after clearing the error, the axis must be moved clear manually. Report the switch code 0x00000d3f to the EOS-hotline."" After pressing Okay to this another error popped up that said ""Security circuit is open. Close the process chamber door. Unlock EMERGENCY STOP button and press 'Control voltage on' button on the switching cabinet! Delete error using 'YES' and enable security circuit , use 'NO' to edit error int he 'Adjust' window. Enable security circuit now?"". The chamber door had never been opened nor the E-stop pressed. Control voltage was turned on and the YES button was pressed. Eventually an error popped up that said ""PCIO card is uninitialized. Possible lost of power supply"". This error could not be cleared and the build could not be resumed. Build was then removed.",Brush,Recycled 1x,,,,,2
23,B025,Pure Aluminum #1,Elliott,2021-06-29,,RBV,,C:\Users\sa-saldana\Documents\Builds\B025,,True,4294.74,1.0,,,120.0,150.0,8,,0.0,More SNL Lattice disks for testing (nominal) and geometric assessment.,,,18.64,"Spreading an initial layer was somewhat difficult. It was found that it is better to spread a thick layer, then scrape down (we did 100um down to 30 um in several 20 and 10 um increments) to get the proper spreading behavior. ",Parts built successfully. Spreading behavior was still not fantastic. Labels printed poorly on several simples.,Steel,Virgin,,,,,3
24,B026,Elliott Fillet Build,Elliott,2021-07-30,,Medium,,C:\Users\sa-saldana\Documents\Builds\B026,LANL40,True,249847.0,20.5,,,120.0,150.0,28,,0.0,Filleted SNL and octet truss lattices,,1765.63,65.24000000000001,Build started out nominal. No issues observed. ,"Issues with octet truss connections to lattice. Parts curled up off of supports, but seem to have printed well overall.",Brush,1x Recycled,,,,,2
25,B027,Jaime Spatter build #1,Jaime,2021-07-23,Internal,Full,,C:\Users\sa-saldana\Documents\Builds\B027,"Default, 20um",False,,,,,120.0,150.0,20,,,"Spatter redistribution build, design #1",,,46.6,Installed new HSS recoater. No streaking issues. ,"Short coated (-X/+Y corner) for ~20 initial layers. Short coating progressively improved, resolved into full coat. Self-correcting process, did not contribute to build failure. Build failed @ 1.720 mm. Due to recoater pushing over a surface texture specimen, which did not have the clearance to be pushed into the powder bed beneath the build plane. Could not be restarted.",HSS,2x Recycled,,,,,2
26,B028,Jaime Spatter build #1,Jaime,2021-07-27,Internal,Full,,C:\Users\sa-saldana\Documents\Builds\B028,"Default, 20um",True,,38.0,,,120.0,150.0,20,,,"Spatter redistribution build, design #1",,,46.6,Installed new brush recoater.,Build completed without issue. Minor damage to brushes,Brush,2x Recycled,,,,,2
27,B029,Jaime Spatter build #2,Jaime,2021-08-06,Internal,Full,,C:\Users\sa-saldana\Documents\Builds\B029,LANL 40 um,False,,38.0,,-9.89,120.0,150.0,20,,,"Spatter redistribution build, design #2, 40 um",,,46.6,Slight streaking from used HSS recoater.,"Build failed @ 3.840 mm. Two major short-coats directly prior to failure, jamming on surface texture specimen in top right corner. Unclear how short coats are connected to jamming. Major spatter formation and redistribution visible.",HSS,Virgin,,,,,2
28,B030,Elliott Fillet Build 2,Elliott,2021-08-12,,Medium,,C:\Users\sa-saldana\Documents\Builds\B030-FilletReprint_GolfPutter_v2,LANL40,,133803.0,20.5,,,120.0,150.0,28,,0.0,Filleted Octet Truss lattices try #2,,1790.27,65.24000000000001,Trying a used recoater. Concerned about powder amount in hopper (~70mm) so we started the build at 1mm height.,Build went well. No issues. ~6-7mm of powder left in dispenser,Brush,3x Recycled,,,,,2
29,B032,Spatter 3,Jaime,2021-08-27,Internal,Full,,C:\Users\sa-saldana\Documents\Builds\B032_Spatter3,LANL40,,56448.0,,-0.48,,120.0,150.0,7,,0.0,Spatter experiment,,1790.27,16.310000000000002,"250% dosing boose. Stopping build @ 5 mm height. Will change flow voltant to 2.0V, and resume until complete @ 7 mm height.",,HSS,3x Recycled,2.0,,,,2
30,B033,Novelis-01,"Elliott,Jaime",2021-09-27,Novelis,RBV,,C:\Users\sa-saldana\Documents\Builds\B033-Novelis01,Custom,True,,,-0.2,,120.0,150.0,10,,0.0,Param development,,1817.67,23.3,Gas flow voltage: 1.7 V. Recoating speed set to 75 mm/s. BP preheat 100 C. S 1000 F 20 flycut build plate.,Build successful. Easy removal and EDM cutting.,HSS,"Virgin, batch 01",2.0,,,,7
31,B034,Novelis-02,"Elliott,Jaime",2021-10-06,Novelis,RBV,,C:\Users\sa-saldana\Documents\Builds\B034-Novelis02,Custom,True,,4.0,-21.75,,120.0,150.0,15,,0.0,2x 40 x 60 x 15 billets,,1818.55,34.95,Gas flow voltage: 1.7 V. Recoating speed set to 75 mm/s. BP preheat 100 C. S 1000 F 20 flycut build plate.,,HSS,"Virgin, batch 01",2.0,,,,7
32,B035,Chidinma CVD,"Elliott,Jaime",,Chidinma/Graham,RBV,,C:\Users\sa-saldana\Documents\Builds\B035-GrahamProject02,Custom,True,,,-21.75,,120.0,150.0,,,,Parameter attempt,,,,Could not spread powder. Build not started.,,HSS,"Virgin, batch 01",2.0,,,,3
33,B036,Jenny Lattices 01,"Elliott,Jaime",2021-11-18,Jenny Wang,Medium,,C:\Users\sa-saldana\Documents\Builds\B036-JennyBuild,LANL 40 um,,102205.0,11.5,0.0,,120.0,180.0,27,,0.0,20 4x4 lattices with different designs plus unit cell stacks. Other lattice types building as demo parts,,1822.61,62.910000000000004,No issues during setup. Gas flow voltage at 4.0V,,Brush,3x recycled,3.0,4.0,,,2
34,B037,Dyuti Build,"Elliott,Jaime",2021-12-07,Dyuti,Large,,C:\Users\sa-saldana\Documents\Builds\B037-Dyuti,Elementum Given,True,374630.0,40.0,0.0,187.0,120.0,180.0,103.25,187.0,1.811138014527845,20 4x4 lattices with different designs plus unit cell stacks. Other lattice types building as demo parts,,1832.82,240.57250000000002,No issues during setup. Gas flow voltage at 4.0V,,HSS,Elementum Supplied,3.0,2.5,,,2
35,B038,Jenny 02/Tour,Elliott,2021-12-13,"Jenny, GA Gov",Medium,,C:\Users\sa-saldana\Documents\Builds\B038,LANL 40,,58113.78,8.25,0.0,,120.0,180.0,27,0.0,0.0,20 4x4 lattices with different designs plus unit cell stacks. Other lattice types building as demo parts,,1864.61,72.09,No issues during setup. Gas flow voltage at 4.0V,,Brush,,3.0,2.5,,,2
36,B039,Calibration Build,Elliott,2022-01-31,"Elliott, Michael, Jessie",Medium,,C:\Users\sa-saldana\Documents\Builds\B039-Calibration Build,EOS Default,,,24.0,0.0,,120.0,180.0,27,0.0,0.0,"Calibraiton part, lattice parameter sweep representative high throughput CT samples, blocks for Michael's testing rig, lattice microstructure samples, and parts for Jessie testing manufacturability of negative space cylinders.",,1870.37,72.09,Setup in mid January and could not start build due to not being able to use inert gas (Solenoid would not open). Waited two weeks for replacement O2 sensor (this was the issue). ,"Replaced sensor and started build. Build failed after ~1.5 hrs on a 45deg angle (angled toward +Y direction) part. However, delamination was determined to be the cause of failure. Initial layers were not spread correctly, and this resulted in a build failure.",Brush,,3.0,2.5,,,2
37,B040,Calibration Build_v02,Elliott,2022-02-01,"Elliott, Michael, Jessie",Medium,,C:\Users\sa-saldana\Documents\Builds\B039-Calibration Build,EOS Default,,,24.0,0.0,,120.0,180.0,27,0.0,0.0,"Calibraiton part, lattice parameter sweep representative high throughput CT samples, blocks for Michael's testing rig, lattice microstructure samples, and parts for Jessie testing manufacturability of negative space cylinders.",,1871.49,72.09,Restarted build after previous build failure. Special care was taken to get first layer correct after this was determined to be the cause of failure on the first attempt.,,Brush,,3.0,2.5,,,2
38,B043,SHAP3D_BUild02,"Elliott, Brian",2022-03-29,SHAP3D,Medium,,C:\Users\sa-saldana\Documents\Builds\B043-SHAP3D_Build02,LANL40,,,24.0,0.0,,120.0,180.0,18.75,0.0,0.0,SHAP3D Lattice beams of various types.,,1899.9,50.0625, ,,Brush,,3.0,2.5,,,2
39,B044,Bike Stem Build,"Elliott, Brian",2022-04-14,Jaime's Bike,Medium,,C:\Users\sa-saldana\Documents\Builds\B043-SHAP3D_Build02,LANL40,,350928.0,45.0,0.0,,120.0,180.0,154,0.0,0.0,SHAP3D Lattice beams of various types.,,1899.9,411.18, ,Failed. Short coated. Recoating parameters changed ~5 hrs into build. Five hours later the build failed due to shortcoating.,HSS,,3.0,2.5,,,2
40,B045,Laser Focus #2,"Elliott, Jaime, Enea",2022-04-20,,Full,,,Custom,,,,0.0,,120.0,180.0,,0.0,,Laser Focus Study Build #2,,1899.9,0.0,Maximum height variation of 50 um (approx). Starting with coupons +1mm above nominal focal plane.,,,,3.0,2.5,,,2
41,B046,Laser Focus #3,"Elliott, Jaime, Enea",2022-05-06,,Full,,,Custom,,,,0.0,,120.0,180.0,,0.0,,Laser Focus Study Build #3,,1899.9,0.0,Maximum height variation of 50 um (approx). Starting with coupons +1mm above nominal focal plane (-19.154mm starting buildplate height).,,,,3.0,2.5,-6.65,-0.8,2
42,B047,GTRI HeatX #1,"Matt, Brian, Jaime, Elliott",2022-06-27,GTRI,Full,--,,Custom,,,48.833333333333336,441.26,,120.0,180.0,208,441.26,2.1214423076923077,2 heat exchangers for GTRI,,1928.73,555.36,Slight scraping across first 5-7 layers but settled out to nominal conditions after layers 10 or so. Added 1.25 liters Hysol 50 to vacuum. Concentration measured 3%,,HSS,Virgin,3.0,1.75,0.0,0.0,8
43,B048,AurBelJessie,"Jaime, Brian, Matt",2022-09-12,"Aurellio Bellotti, Jessie Liu, Emily Sanders",Medium,--,Z:\EOS_CPU\Builds\B048\,LANL40/Custom,,,50.0,302.38,,180.0,200.0,57.964,,0.0,Aurellio's variable parameter parts. Spinodal lattices for Sanders. Jessie's experiment. ISO artifacts for sample camera data. All but Aurellio's using LANL40.,,1952.82,154.76388,Started 9:30 am,"120/180/300 recoat levels created mixed shortcoating conditons in ~10 layers. Corrected to recaoting conditions 180/200/300. Lots of scraping up to layer ~13. Minor scraping thereafter.







",HSS,4-5x seived,3.0,1.75,0.0,0.0,2
44,B058,Spatter4AndHighMagCamTest,"Jaime, Caroline, Matt",2023-01-06,Jaime,Full,--,Z:\EOS_CPU\Builds\B058-JaimeSpatterDist4\,LANL40/Custom,,,,0.0,,150.0,200.0,5,,0.0,,,2017.93,,Gas voltage changed from 2.0 to 1.5 at z = 0.76 build heighjt,Lots of scraping all layers,HSS,4-5x seived,3.0,2.0,0.0,0.0,2
45,B062,Spatter2-01,Jaime,2023-01-25,Jaime,Full,--,Z:\EOS_CPU\Builds\B062_Spatter2.01\,LANL40/Custom,,,,0.0,-19.0,140.0,190.0,7,,0.0,,,2017.93,,Varying gas voltage throughout,"Build rescued from crash after first few layers. Chamber light turned off @ ~z =0.5. Gas flow = 1.5V from z = 0.00-2.56, 2.0V from z = 5.60-4.84, 2.5 from z = 4.88-7.00",HSS,4-5x seived,3.0,,0.0,0.0,2
46,B063,Spatter2-01,Jaime,2023-02-01,Jaime,Full,--,Z:\EOS_CPU\Builds\B063_Spatter2-02\,LANL40/Custom,,,,0.0,,130.0,180.0,2.5,,0.0,,,2025.19,,,,HSS,4-5x seived,3.0,1.5,0.0,0.0,2
47,B064,Spatter2-03,Jaime,2023-02-28,Jaime,Full,--,Z:\EOS_CPU\Builds\B064_Spatter2-03\,LANL40/Custom,,,,0.0,27.0,130.0,180.0,12,,0.0,,,2028.63,,"Gas flow will be 1.5 V z=0-2.5, 2.0 V z=2.75-4.75, 2.5 V z = 5.0-12",,HSS,4-5x seived,2.5,1.5,0.0,0.0,2
48,B065,Spatter2-04,"Jaime,Brian,Caroline",2023-03-07,Jaime,Full,--,Z:\EOS_CPU\Builds\B065_Spatter2-03\,LANL40/Custom,,,,0.0,-42.34,130.0,180.0,16,,0.0,,,2033.47,,?,,HSS,5-6x seived,2.5,1.5,0.0,0.0,2
49,B069,Recoater Damage,"Caroline, Jaime, Brian",2023-05-26,Caroline,Full,--,Z:\EOS_CPU\Builds\B069-Caroline Recoating Test\,LANL40/Custom,,,,0.0,,130.0,180.0,8,,0.0,Test out damaged recoater,,2051.81,,?,Failed after first layer,HSS,5-6x seived,2.5,1.5,0.0,0.0,2
50,B070,Recoater Damage,"Caroline, Jaime, Benton",2023-05-26,Caroline,Medium,--,Z:\EOS_CPU\Builds\B70_RecoatTest2,LANL40/Custom,,,,0.0,,130.0,180.0,8,,0.0,Test out damaged recoater,,2051.68,,?,,HSS,5-6x seived,2.5,1.5,0.0,0.0,2
51,B071,GTRI XPAT Cold Plate,"Brian, Brooks",2023-07-06,GTRI,Full,--,Z:\EOS_CPU\Builds\B071-GTRI_XPATColdPlate,Custom,False,,59.5,387.06,56.53,130.0,180.0,173.04,330.53,1.9101363846509476,"Printing cold plate for cooling eletronics array for GTRI, horizontal hole artifacts, and spinodal lattices",,2050.8,,Powder loaded and unloaded due to maintence issue (blown leveling fuses),"Spinodal lattices canceled due to improper build plate adhesion (like user error in build set-up)
Build completed
Horizontal hole artifacts printed successfully
GTRI plates printed but with cracking on sides due to improper layer-to-layer ahesion (could be due to recoater damage from lattices or powder oxidation)",Brush,Virgin,2.5,1.5,0.0,0.0,8
52,B072,Ceramic Studies,"Brooks, Brian",2023-08-18,Jamila Khanfri,Full,--,Z:\EOS_CPU\Builds\B072_jamila_MERGED_testBedFinal_readyToBuild,Custom,False,1187500.0,1.0,13.26,,130.0,180.0,19,13.26,0.6978947368421052,Testing powder spreadability with ceramic inclusions. This build will be 1 of 4 and has no ceramic inclusions as a baseline. Tensile bars and single track prints of 40 different parameters.,,2098.32,,First layer spread was good.,"Print most likely failed from a combination of powder spread, poor part adhesion to BP, and lack of gas exhaust port. The parts began to peel from the baseplate closest to the back of the machine and hopper. Damage immediately followd to the recoater blade. BUILD CANCELLED BEFORE 1HR MARK",Brush,Virgin,2.5,1.75,0.0,0.0,3
53,B073,Ceramic Studies,"Brooks, Brian",2023-08-23,Jamila Khanfri,Full,--,Z:\EOS_CPU\Builds\B073_jamila_MERGED_testBedFinal_readyToBuild,Custom,True,1187500.0,5.5,10.17,-21.58,130.0,180.0,19,31.75,1.6710526315789473,Testing powder spreadability with ceramic inclusions. This build will be 1 of 4 and has no ceramic inclusions as a baseline. Tensile bars and single track prints of 40 different parameters.,,2099.17,5240000.0,Build plate was sand blasted to fix adhesion issue face in B072,Part adherence has improved with only notable bonding issues being toward the front of each tensile bar. Microscope images located in folder. (Discovered later that a crucial setting was wrong requiring reprint),Brush,Virgin,2.5,1.75,0.0,0.0,3
54,B074,Ceramic Studies,Brooks,2023-08-31,Jamila Khanfri,Full,--,Z:\EOS_CPU\Builds\B074,Custom,True,1187500.0,7.84,0.0,-36.66,130.0,180.0,19,36.66,1.9294736842105262,Testing powder spreadability with ceramic inclusions. This build will be a reprint of tensile bars with correct parameters and has no ceramic inclusions as a baseline. Tensile bars with one set of parameters.,,2102.36,5240000.0,Build plate was sand blasted to fix adhesion issue face in B072. This build has all rectangular parts angled at 5 degrees. One long and short tensile bar were filleted at the leading edge and left perpendicular to the recoater blade.,"Hot Cracking, the parts that completed build look ok but most that failed suffered hot cracking. They were either stopped mid build or the hotcracking was not evident until post build. Microscope images will be included in folder.",Brush,Virgin,2.5,1.75,0.0,0.0,3
55,B075,Novelis & Param,Brooks,2023-09-10,Novelis,Full,--,Z:\EOS_CPU\Builds\B075_novelis_etc,Custom,True,4312500.0,7.84,-19.9,,130.0,180.0,69,-19.9,-0.28840579710144926,Testing powder parameter sets and attempting several test parts including sample give-away parts and tensile coupons while also creating a scalping tool for a mill/lathe for Novelis,,2109.77,10781250.0,Parameters were mixed. See right for parameter set and part matching.,All parts finsihed well and the cut-off tools were delivered to Novelis. Pictures are located in shared drive,HSS,Virgin,2.5,1.75,0.0,0.0,3
56,B076,GTRI XPAT Cold Plate,"Brian, Brooks",2023-09-15,GTRI,Full,--,Z:\EOS_CPU\Builds\B076_GTRI_XPATColdPlate2,Custom,False,,56.35,-6.65,,130.0,180.0,173.04,-6.65,-0.03843042071197411,Printing cold plate for cooling eletronics array for GTRI,,2141.35,,,,Brush,Virgin,2.5,1.5,0.0,0.0,8
58,B077,GTRI XPAT Cold Plate,Brooks,2023-10-06,Jamila,Full,--,Z:\EOS_CPU\Builds\B077_jamila_tensile_singleTrack,Custom,,1219276.8,10.0,-289.59,,130.0,180.0,19,-289.59,-15.241578947368419,Testing powder spreadability with ceramic inclusions. This build will be a reprint of tensile bars with correct parameters and has no ceramic inclusions as a baseline. Tensile bars with one set of parameters.,,2186.5,,Build plate was sand blasted to fix adhesion issue face in B072. This build has all rectangular parts angled at 5 degrees. One long and short tensile bar were filleted at the leading edge and left perpendicular to the recoater blade.,"Fusion of tensile bars to plate was successful when BP temperature was updated to 50C. Some leading edge adhesion issues on front face of parts, but no part failures were noticed. ",HSS,Virgin,2.5,1.75,0.0,0.0,3
59,B078,GTRI XPAT Cold Plate,Brooks,2023-10-12,Jamila,Full,--,Z:\EOS_CPU\Builds\B078_jamila_tensile_singleTrack_ram0.5,Custom,,1219276.8,10.0,-0.38,,130.0,180.0,19,-0.38,-0.02,Testing powder spreadability with ceramic inclusions. This build will be a reprint of tensile bars with correct parameters and has no ceramic inclusions as a baseline. Tensile bars with one set of parameters.,,2195.15,,Build plate was sand blasted to fix adhesion issue face in B072. This build has all rectangular parts angled at 5 degrees. One long and short tensile bar were filleted at the leading edge and left perpendicular to the recoater blade.,"Fusion of tensile bars to plate was successful when BP temperature was updated to 50C. Some leading edge adhesion issues on front face of parts, but no part failures were noticed. Less part scraping was anecdotaly observed.",HSS,Virgin,2.5,1.75,0.0,0.0,4
60,B079,GTRI XPAT Cold Plate,Brooks,2023-10-16,Jamila,Full,--,Z:\EOS_CPU\Builds\B079_jamila_tensile_singleTrack_ram2,Custom,,1219276.8,10.0,57.47,,130.0,180.0,19,57.47,3.024736842105263,Testing powder spreadability with ceramic inclusions. This build will be a reprint of tensile bars with correct parameters and has no ceramic inclusions as a baseline. Tensile bars with one set of parameters.,,2203.82,,Build plate was sand blasted to fix adhesion issue face in B072. This build has all rectangular parts angled at 5 degrees. One long and short tensile bar were filleted at the leading edge and left perpendicular to the recoater blade.,"Fusion of tensile bars to plate was successful when BP temperature was updated to 50C. Some leading edge adhesion issues on front face of parts, but no part failures were noticed. Less part scraping was anecdotaly observed.",HSS,Virgin,2.5,1.75,0.0,0.0,6
61,B080,GTRI XPAT Cold Plate,Brooks,2023-10-18,Jamila,Full,--,Z:\EOS_CPU\Builds\B080_jamila_tensile_singleTrack_ram10,Custom,,1219276.8,10.0,-60.25,,130.0,180.0,19,-60.25,-3.1710526315789473,Testing powder spreadability with ceramic inclusions. This build will be a reprint of tensile bars with correct parameters and has no ceramic inclusions as a baseline. Tensile bars with one set of parameters.,,2212.5,,Build plate was sand blasted to fix adhesion issue face in B072. This build has all rectangular parts angled at 5 degrees. One long and short tensile bar were filleted at the leading edge and left perpendicular to the recoater blade.,,HSS,Virgin,2.5,1.75,0.0,0.0,5
62,B082,SHAP3D Spinodal Lattices,"Brian, Caroline",2023-11-13,Sanders,Full,--,Z:\EOS_CPU\Builds\B082_SHAP3DSpinodalLattices,Custom,,,40.0,-60.25,,130.0,180.0,60,-60.25,-1.0041666666666667,"Spinodal Lattices for SHAP3D Project A3-2023
Contains:
3 Vertical Lamellar Cubes (1 x VF = 0.3, 1 x VF = 0.5, 1 x VF = 0.7)
3 Horizontal Lamellar Cubes (1 x VF = 0.3, 1 x VF = 0.5, 1 x VF = 0.7)
18 Horizontal Lamellar Cubes (6 x VF = 0.3, 6 x VF = 0.5, 6 x VF = 0.7)
1 Isotropic Partial Cantilever w/o Coating
2 Isotropic Partial Cantilevers w/  Coating",,2221.4,,,Build failed 4.6 mm into build due to recoater hitting base of partial cantilever,Brush,Sieved,2.5,2.5,0.0,0.0,0
63,B083,SHAP3D Spinodal Lattices,"Brian, Brooks",2023-11-21,Sanders,Full,--,Z:\EOS_CPU\Builds\B083_SHAP3DSpinodalLattices_V2,Custom,,,40.0,-60.25,,130.0,180.0,60,-60.25,-1.0041666666666667,"Spinodal Lattices for SHAP3D Project A3-2023
Contains:
3 Vertical Lamellar Cubes (1 x VF = 0.3, 1 x VF = 0.5, 1 x VF = 0.7)
3 Horizontal Lamellar Cubes (1 x VF = 0.3, 1 x VF = 0.5, 1 x VF = 0.7)
18 Horizontal Lamellar Cubes (6 x VF = 0.3, 6 x VF = 0.5, 6 x VF = 0.7)
1 Isotropic Partial Cantilever w/o Coating",,2229.7,,"Build trial number 2, only printing 1 partial cantilever instead of 3",,Brush,Sieved,2.5,2.5,0.0,0.0,0
64,B090,Trial Layout,"Caroline, Brooks",2023-11-21,Saldana,Full,--,Z:\EOS_CPU\Builds\B090_TestLayout_Config,Custom,,,2.0,-60.25,,120.0,180.0,15,-60.25,-4.016666666666667,Test HSS recoater configuration,,2229.7,,,"Failed, started short coating at the second layer",Hard,Virgin,3.0,2.5,0.0,0.0,0
65,B091,Trial Layout,"Caroline, Brooks",2023-11-21,Saldana,Full,--,Z:\EOS_CPU\Builds\B090_TestLayout_Config,Custom,,,4.5,-60.25,,180.0,200.0,15,-60.25,-4.016666666666667,Test HSS recoater configuration,,2226.7,75.0,,Loud scraping on first couple layers but then generally went to less loud scraping. Dosing amount fixed short coat issue,Hard,Virgin,3.0,2.5,0.0,0.0,0
66,B092,Trial Layout,"Caroline, Brooks",2023-12-14,Saldana,Full,--,Z:\EOS_CPU\Builds\B090_TestLayout_Config,Custom,,,4.5,-60.25,,180.0,200.0,15,-60.25,-4.016666666666667,Test HSS recoater configuration,,2270.0,75.0,,Loud scraping on first couple layers but then generally went to less loud scraping. Dosing amount fixed short coat issue,Hard,1x sieved,3.0,2.5,0.0,0.0,0
67,B094,Heavy Recoat Damage,"Caroline, Brooks",2024-01-17,Saldana,Full,--,Z:\EOS_CPU\Builds\B094_heavy_recoat_damage,LANL40,,,4.5,0.0,,180.0,200.0,15,0.0,0.0,Test heavily damaged previous recoater blade with two major notches @142mm plate cords,,2274.04,52.5,,img 1 is from 1/16 the last image. the third layer had some shearing but it corrected for this,Hard,1x sieved,3.0,2.5,0.0,0.0,0
68,B095,Control GG,"Ken, Brooks",2024-02-02,Ken/Stebner,Full,--,Z:\EOS_CPU\Builds\B095_Ken_grainGrowth_316l,LANL40,,,,-72.76,-85.3,180.0,200.0,11,12.539999999999992,1.1399999999999992,Control for comparison in inoculate grain growth study,,,20.0,1st Training session for Ken.,"Build failure, deleted failing part but only deleted the supports. The supports were up to 3mm and the parts started at the same height. The failure height was 3.640mm",Hard,1x sieved,3.0,2.5,0.0,0.0,0
69,B096,Control GG,"Ken, Brooks",2024-02-06,Ken/Stebner,Full,--,Z:\EOS_CPU\Builds\B096_Ken_grainGrowth_316l,LANL40,,,,,,180.0,200.0,11,0.0,0.0,Control for comparison in inoculate grain growth study. REDO,,2280.04,20.0,,,Hard,1x sieved,3.0,2.5,0.0,0.0,0
70,B085,Trial Layout,"Caroline, Brooks",2023-11-29,Saldana,Medium,--,Z:\EOS_CPU\Builds\B085_CarolineRecoaterDamage,Custom,,,2.0,0.0,,120.0,180.0,8,25.0,3.125,Test with a non damaged recoater,,2229.7,,,"Terrible quality balled a lot, parts failed but build completed",Hard,7-8x,3.0,2.5,0.0,0.0,0
71,B093,Template,Caroline,2024-01-10,Caroline,Full,1,Z:\EOS_CPU\Builds\B093_OldRecoatDamage,Example Link,,,4.0,0.012,,180.0,200.0,15,0.012,0.0008,Test HSS recoater configuration,,2271.7,,,Loud scraping on first couple layers but then generally went to less loud scraping. Dosing amount fixed short coat issue,,1x sieved,,2.5,0.0,0.0,0
